pubid,title,doi,year
ufrVoPGSRksC,Continental-scale temperature variability during the past two millennia,10.1038/ngeo1797,2013
u5HHmVD_uO8C,Recent warming reverses long-term Arctic cooling,10.1126/science.1173983,2009
FiDNX6EVdGUC,The time-transgressive termination of the African Humid Period,10.1038/ngeo2329,2015
HJSXoJQnj-YC,Early onset of industrial-era warming across the oceans and continents,10.1038/nature19082,2016
jSAVyFp_754C,A global multiproxy database for temperature reconstructions of the Common Era,10.1038/sdata.2017.88,2017
A8cqit5AE6sC,Consistent multidecadal variability in global temperature reconstructions and simulations over the Common Era,10.1038/s41561-019-0400-0,2019
hvmnpdAuIbkC,A global database of Holocene paleotemperature records,10.1038/s41597-020-0445-3,2020
T_ojBgVMvoEC,Mid-latitude net precipitation decreased with Arctic warming during the Holocene,10.1038/s41586-019-1060-3,2019
An6A6Jpfc1oC,Holocene climate change in Arctic Canada and Greenland,10.1016/j.quascirev.2016.02.010,2016
DrR-2ekChdkC,Glacier fluctuations during the past 2000 years,10.1016/j.quascirev.2016.04.008,2016
9yKSN-GCB0IC,The role of ocean thermal expansion in Last Interglacial sea level rise,10.1029/2011gl048280,2011
Se3iqnhoufwC,How warm was the last interglacial? New model–data comparisons,10.1098/rsta.2013.0097,2013
KWzIFqRkAKkC,Large-scale features and evaluation of the PMIP4-CMIP6 midHolocene simulations,10.5194/egusphere-egu2020-8911,2020
BrOSOlqYqPUC,Holocene climate changes in eastern Beringia (NW North America)–A systematic review of multi-proxy evidence,10.1016/j.quascirev.2015.10.021,2016
0EnyYjriUFMC,Arctic Holocene proxy climate database–new approaches to assessing geochronological accuracy and encoding climate variables,10.5194/cp-10-1605-2014,2014
KNjnJ3z-R6IC,"An extended Arctic proxy temperature database for the past 2,000 years",10.1038/sdata.2014.26,2014
1tZ8xJnm2c8C,Early Last Interglacial ocean warming drove substantial ice mass loss from Antarctica,10.5194/egusphere-egu2020-12771,2020
G1UMdFYMoxkC,The Iso2k Database: A global compilation of paleo-δ18O and δ2H records to aid understanding of Common Era climate,10.5194/essd-12-2261-2020,2020
WAzi4Gm8nLoC,The Linked Paleo Data framework–a common tongue for paleoclimatology,10.5194/cp-12-1093-2016,2016
SAZ1SQo2q1kC,Land carbon models underestimate the severity and duration of drought’s impact on plant productivity,10.1038/s41598-019-39373-1,2019
d1gkVwhDpl0C,"Holocene climate and glacier variability at Hallet and Greyling Lakes, Chugach Mountains, south-central Alaska",10.1007/s10933-008-9260-0,2009
zdjWy_NXXwUC,"A wetter Arctic coincident with hemispheric warming 8,000 years ago",10.1029/2018gl079517,2018
QUX0mv85b1cC,North Atlantic-Fennoscandian Holocene climate trends and mechanisms,10.1016/j.quascirev.2016.06.005,2016
TlpoogIpr_IC,CO2 and fire influence tropical ecosystem stability in response to climate change,10.1038/srep29587,2016
-6RzNnnwWf8C,Climate models can correctly simulate the continuum of global-average temperature variability,10.1073/pnas.1809959116,2019
aDl3D7KC1E4C,"GeoChronR–an R package to model, analyze and visualize age-uncertain paleoscientific data",10.5194/gchron-3-149-2021,2021
YsrPvlHIBpEC,Fragility of reconstructed temperature patterns over the Common Era: Implications for model evaluation,10.1002/2015gl065265,2015
Vr2j17o0sqMC,Reconstructing Holocene temperatures in time and space using paleoclimate data assimilation,10.5194/cp-18-2599-2022,2022
eQOLeE2rZwMC,"Age models for long lacustrine sediment records using multiple dating approaches–an example from Lake Bosumtwi, Ghana",10.1016/j.quageo.2012.12.001,2013
SxCCDk4iOpsC,A global mean sea surface temperature dataset for the Last Interglacial (129–116 ka) and contribution of thermal expansion to sea level change,10.5194/essd-12-3341-2020,2020
c1e4I3QdEKYC,PaCTS 1.0: A crowdsourced reporting standard for paleoclimate data,10.1029/2019pa003632,2019
UeHWp8X0CEIC,Late Quaternary sedimentological and climate changes at Lake Bosumtwi Ghana: New constraints from laminae analysis and radiocarbon age modeling,10.1016/j.palaeo.2012.08.001,2012
hSRAE-fF4OAC,Placing the Common Era in a Holocene context: millennial to centennial patterns and trends in the hydroclimate of North America over the past 2000 years,10.5194/cp-14-665-2018,2018
TGkaJS32XoUC,The 4.2 ka event is not remarkable in the context of Holocene climate variability,10.1038/s41467-024-50886-w,2024
HhcuHIWmDEUC,"Holocene summer temperature reconstruction from sedimentary chlorophyll content, with treatment of age uncertainties, Kurupa Lake, Arctic Alaska",10.1177/0959683614565929,2015
RuPIJ_LgqDgC,Tipping elements and amplified polar warming during the Last Interglacial,10.1016/j.quascirev.2020.106222,2020
nPT8s1NX_-sC,Integrating palaeoclimate time series with rich metadata for uncertainty modelling: strategy and documentation of the PALMOD 130k marine palaeoclimate data synthesis,10.5194/essd-12-1053-2020,2020
unp9ATQDT5gC,"Dust-drought interactions over the last 15,000 years: A network of lake sediment records from the San Juan Mountains, Colorado",10.1177/0959683619875192,2020
WF5omc3nYNoC,Spatial and temporal variability in sedimentological and geochemical properties of sediments from an anoxic crater lake in West Africa: implications for paleoenvironmental …,10.1016/j.palaeo.2013.01.008,2013
ghEM2AJqZyQC,"New approach to assessing age uncertainties–The 2300-year varve chronology from Eklutna Lake, Alaska (USA)",10.1016/j.quascirev.2018.10.018,2019
QsKbpXNoaWkC,Identifying Hydro‐Sensitive Coral δ18O Records for Improved High‐Resolution Temperature and Salinity Reconstructions,10.1029/2021gl096153,2022
s9ia6_kGH2AC,Holocene precipitation seasonality in northern Svalbard: Influence of sea ice and regional ocean surface conditions,10.1016/j.quascirev.2020.106388,2020
YlPif8NxrbYC,A community‐driven framework for climate reconstructions,10.1002/2014eo400001,2014
69ZgNCALVd0C,Teleconnected ocean forcing of Western North American droughts and pluvials during the last millennium,10.1016/j.quascirev.2016.06.017,2016
VRfTbSk87rEC,Globally coherent water cycle response to temperature change during the past two millennia,10.1038/s41561-023-01291-3,2023
6VlyvFCUEfcC,"The CoralHydro2k database: a global, actively curated compilation of coral O and Sr  Ca proxy records of tropical ocean hydrology and temperature for the …",10.5194/essd-15-2081-2023,2023
Azgs6IHzeyYC,High latitude modulation of the Holocene North American monsoon,10.1029/2022gl099772,2022
ijdKiLOsEJMC,A multiproxy database of western North American Holocene paleoclimate records,10.5194/essd-13-1613-2021,2021
n3vGvpFsckwC,A bacterial index to estimate lake trophic level: National scale validation,10.1016/j.scitotenv.2021.152385,2022
aIdbFUkbNIkC,A controlled crowdsourcing approach for practical ontology extensions and metadata annotations,10.1007/978-3-319-68204-4_24,2017
MIg0yeAD4ggC,"A 4,500‐year‐long record of southern Rocky Mountain dust deposition",10.1029/2019gl083255,2019
silx2ntsSuwC,"Fluvial suspended sediment yields over hours to millennia in the High Arctic at proglacial Lake Linnévatnet, Svalbard",10.1002/esp.4264,2018
TaaCk18tZOkC,Dust‐drought nexus in the southwestern United States: A proxy‐model comparison approach,10.1029/2020pa004046,2020
YsMSGLbcyi4C,On the potential of Raman‐spectroscopy‐based carbonate mass spectrometry,10.1002/jrs.4218,2013
FsLZdJ3BAzkC,Global synthesis of regional Holocene hydroclimate variability using proxy and model data,10.1029/2022pa004597,2023
9shLKfS_uJEC,A pseudoproxy emulation of the PAGES 2k database using a hierarchy of proxy system models,10.1038/s41597-023-02489-1,2023
jlhcAiayVhoC,Reconstructing postglacial hydrologic and environmental change in the eastern Kenai Peninsula lowlands using proxy data and mass balance modeling,10.1017/qua.2021.75,2022
DXE8ND7PrJAC,Past and future warming–direct comparison on multi-century timescales,10.5194/cp-18-911-2022,2022
IsPWOBWtZBwC,PAGES2k: Advances in climate field reconstructions,10.22498/pages.22.2.98,2014
__bU50VfleQC,"A 16,000-yr-long sedimentary sequence from Lakes Peters and Schrader (Neruokpuk Lakes), northeastern Brooks Range, Alaska",10.1017/qua.2019.43,2019
SIv7DqKytYAC,"Using correlated tephras to refine radiocarbon-based age models, upper and lower Whitshed Lakes, south-central Alaska",10.1016/j.quageo.2018.01.005,2018
xGWFX6Gbr9MC,Lake dynamics modulate the air temperature variability recorded by sedimentary aquatic biomarkers: A Holocene case study from western Greenland,10.1029/2022jg007106,2023
R-LXmdHK_14C,Great Plains storm intensity since the last glacial controlled by spring surface warming,10.1038/s41561-021-00860-8,2021
-uzm3Y7AvW0C,"An Arctic watershed observatory at Lake Peters, Alaska: weather–glacier–river–lake system data for 2015–2018",10.5194/essd-11-1957-2019,2019
kJDgFkosVoMC,"A high-resolution climate record spanning the past 17 000 years recovered from Lake Ohau, South Island, New Zealand",10.5194/sd-24-41-2018,2018
xyvS_IvSCKsC,Arctic glacier snowline altitudes rise 150 m over the last 4 decades,10.5194/tc-18-3591-2024,2024
Y9VhQm-5nPIC,Sedimentary ancient DNA reveals the impact of anthropogenic land use disturbance and ecological shifts on fish community structure in small lowland lake,10.1016/j.scitotenv.2024.171266,2024
9NZAP19TdFAC,Organic‐matter accumulation and degradation in holocene permafrost deposits along a central Alaska Hillslope,10.1029/2022jg007290,2023
27LrP4qxOz0C,Paleoclimate data standards,10.22498/pages.24.1.47,2016
kUhpeDhEZMUC,A paleoecological investigation of recent cyanobacterial blooms and their drivers in two contrasting lakes,10.1016/j.hal.2023.102563,2024
KTwcwpFFj4wC,Early Holocene Laurentide ice sheet retreat influenced summer atmospheric circulation in Baffin Bay,10.1029/2023gl103428,2023
m4fbC6XIj1kC,"A 2300-year record of glacier fluctuations at Skilak and Eklutna Lakes, south-central Alaska",10.1016/j.quascirev.2021.107215,2021
AZju0d2GQJ0C,"Fluvial suspended sediment transfer and lacustrine sedimentation of recent flood turbidites in proglacial Eklutna Lake, western Chugach Mountains, Alaska",10.1002/hyp.14375,2021
mel-f30kHHgC,"Modelling suspended sediment discharge in a glaciated Arctic catchment–Lake Peters, northeast Brooks Range, Alaska",10.1002/hyp.13846,2020
-DxkuPiZhfEC,"The Linked Earth Ontology: A modular, extensible representation of open paleoclimate data",10.5281/zenodo.2577604,
0sTkTiv_uMkC,The hunt for Holocene abrupt climate change,10.1371/journal.pclm.0000547,2024
3_LpOwP6eMYC,"Suspended sediment deposition and sediment yields at Lake Peters, northeast Brooks Range, Alaska: Fluvial‐and lake‐based approaches",10.1002/esp.5642,2023
H7nrzBkawXsC,LinkedEarth: Supporting paleoclimate data standards and crowd curation,10.22498/pages.26.2.62,2018
2vr6o8x5NLkC,"linked paleo data: a resource for open, reproducible, and efficient paleoclimatology",10.22498/pages.26.2.71,2018
E7VqQtBCVmcC,"Evidence for millennial-scale interactions between Hg cycling and hydroclimate from Lake Bosumtwi, Ghana",10.5194/cp-21-817-2025,2025
KI9T_ytC6pkC,"Coral skeletal proxy records database for the Great Barrier Reef, Australia",10.5194/essd-16-4869-2024,2024
Og1tA8FjbJAC,A Bayesian approach to integrating radiometric dating and varve measurements in intermittently indistinct sediment,10.5194/gchron-4-409-2022,2022
JP7YXuLIOvAC,Accelerating progress in proxy-model synthesis using open standards,10.22498/pages.26.2.73,2018
UmS_249rOGwC,A novel multiproxy approach: The PAGES North America 2k working group,10.22498/pages.22.2.100,2014
vVJNg6_NJEsC,Early Holocene atmospheric circulation changes over northern Europe based on isotopic and biomarker evidence from Kola Peninsula,10.1029/2024pa005076,2025
PuOEWVtPfzwC,A global Data Assimilation of Moisture Patterns from 21 000–0 BP (DAMP-21ka) using lake level proxy records,10.5194/cp-20-2663-2024,2024
lg2tdxc6qMwC,PaleoRec: A sequential recommender system for the annotation of paleoclimate datasets,10.1017/eds.2022.3,2022
JH5k92_tO-AC,"A 15,800 year record of productivity, carbon accumulation and environmental change at Eight Mile Lake and its catchment, central Alaska",10.1080/15230430.2025.2523083,2025
t-hv7AR41mYC,"Holocene global mean surface temperature, a multi-method reconstruction approach",10.1038/s41597-020-0530-7,2020
u-x6o8ySG0sC,"Biogenic silica concentration as a high‐resolution, quantitative temperature proxy at Hallet Lake, south‐central Alaska",10.1029/2007gl032876,2008
wE-fMHVdjMkC,The onset and rate of Holocene Neoglacial cooling in the Arctic,10.1029/2018gl079773,2018
Ej9njvOgR2oC,Refining the earthquake history of south-central Alaska through lake records,10.1016/j.earscirev.2025.105249,2025
h168fVGZblEC,Empowering Learners-Teaching Reproducible Research with Open-Source Tools,10.25080/wcfp5784,2025
8VtEwCQfWZkC,Radiocarbon dating of lake sediment using low-temperature combustion,10.1017/rdc.2025.10167,2025
uUvzmPk0f8oC,Spanish colonization triggered 17th-century landscape dust regime shift in the Southwestern United States,10.2139/ssrn.6220459,2026
RXiHnyRawswC,"Glacier equilibrium‐line altitude change across Alaska and adjacent Canada indicates a cold, dry little ice age and weaker Aleutian low",10.1029/2025gl119840,2026
M_lZXyI38BkC,Continental-scale temperature variability in PMIP3 simulations and PAGES 2k regional temperature reconstructions over the past millennium,10.5194/cp-11-1673-2015,2015
as0KMg8qHbkC,Millennial-scale carbon-source changes revealed by sedimentary radiocarbon in Arctic lakes,10.1016/j.quascirev.2026.110121,2026
v_tt_AnqfNMC,"Holocene glacier fluctuations at Eklutna Lake, Chugach Mountains, south-central Alaska",10.1016/j.quascirev.2026.110107,2026
